<?xml version="1.0" encoding="UTF-8" standalone="yes"?>
<sentence>
    <sentenceName>Within weeks, the major powers were at war and the conflict soon spread around the world.</sentenceName>
    <wordList>
        <name>Within</name>
    </wordList>
    <wordList>
        <name>weeks,</name>
    </wordList>
    <wordList>
        <name>the</name>
    </wordList>
    <wordList>
        <name>major</name>
    </wordList>
    <wordList>
        <name>powers</name>
    </wordList>
    <wordList>
        <name>were</name>
    </wordList>
    <wordList>
        <name>at</name>
    </wordList>
    <wordList>
        <name>war</name>
    </wordList>
    <wordList>
        <name>and</name>
    </wordList>
    <wordList>
        <name>the</name>
    </wordList>
    <wordList>
        <name>conflict</name>
    </wordList>
    <wordList>
        <name>soon</name>
    </wordList>
    <wordList>
        <name>spread</name>
    </wordList>
    <wordList>
        <name>around</name>
    </wordList>
    <wordList>
        <name>the</name>
    </wordList>
    <wordList>
        <name>world.</name>
    </wordList>
</sentence>
